w,a,j,v,a,v,w,v,y,g,z,g,h,i,y,c,n,s,r,f,l,y,u,s,q,o,y,j,c,k,q,l,d,l,h,b,r,f,a,w,x,w,a,k,n,k,l,m,e,p,g,z,n,x,p,q,z,q,j,f,b,l,q,p,k,t,i,y,y,y,j,w,n,d,u,z,a,t,w,v,h,q,s,l,x,f,a,c,h,y,t,q,a,a,p,u,z,w,e,v
a,e,o,h,m,c,a,p,e,m,m,y,j,t,j,o,t,e,u,b,e,m,b,h,d,f,k,r,z,f,q,w,w,v,r,v,m,v,y,d,s,z,l,k,a,w,s,w,u,x,l,d,h,y,i,q,t,t,c,d,h,d,z,i,y,l,c,e,q,b,l,j,y,j,c,b,y,u,a,w,u,w,k,y,e,a,x,i,q,v,p,g,h,n,j,l,q,q,r,s
i,y,i,e,a,m,o,u,m,m,l,w,p,m,y,s,h,k,m,h,q,q,z,t,h,e,v,c,f,d,a,r,b,k,n,j,l,h,f,h,i,o,s,h,v,a,v,h,z,j,l,v,q,v,p,q,x,j,v,z,b,z,j,j,v,y,f,y,z,c,x,c,p,j,q,p,n,t,q,g,h,r,f,e,c,j,m,p,h,b,u,y,o,k,b,b,y,r,z,b
o,w,j,v,f,z,g,w,m,q,w,h,d,r,n,e,a,h,h,w,e,i,v,s,g,l,r,x,n,n,b,j,e,s,c,q,e,y,s,f,i,s,l,x,r,f,c,b,b,b,v,d,z,d,k,y,s,k,g,k,w,o,s,v,g,b,f,b,d,i,m,o,j,u,v,e,r,v,j,q,d,u,a,g,i,i,h,c,k,p,q,k,e,z,n,l,z,c,x,w
s,c,j,i,j,i,b,n,f,k,c,h,r,r,k,m,t,k,r,b,k,i,i,k,r,q,k,e,r,b,o,f,k,c,w,l,l,d,y,w,m,p,b,d,n,z,q,f,b,h,s,v,o,p,u,a,j,s,s,e,s,n,u,v,j,d,t,o,q,e,v,i,l,k,b,p,x,r,f,a,k,x,e,y,i,h,o,d,r,g,z,b,o,m,a,s,p,n,p,v
h,k,f,r,w,v,f,z,o,c,d,i,i,o,z,a,j,m,w,p,v,v,q,h,k,k,f,g,j,b,f,w,d,e,c,i,f,d,r,z,o,r,r,f,e,z,y,n,w,s,v,v,b,g,e,i,z,g,l,b,z,w,l,l,v,f,k,j,c,s,g,n,c,o,u,j,u,q,y,z,u,r,b,t,u,g,b,i,a,h,b,l,n,n,o,u,i,a,e,d
c,v,d,f,w,e,s,m,x,x,d,e,v,o,a,a,m,a,w,r,i,q,m,q,k,p,j,q,r,b,p,i,u,t,u,q,o,d,w,o,r,e,d,o,l,w,t,k,j,l,h,b,g,q,k,w,s,l,c,b,b,f,b,d,g,d,b,p,z,l,d,g,y,e,e,w,v,w,r,p,s,v,b,p,l,n,x,s,h,a,a,k,u,u,x,z,w,a,f,i
l,r,p,k,r,k,c,s,j,v,u,p,b,b,n,d,s,r,c,o,a,o,z,l,w,l,u,z,g,o,k,y,o,q,e,h,a,r,o,n,b,f,r,a,l,y,j,b,g,f,d,q,b,a,a,l,b,g,a,s,a,u,e,n,l,a,r,t,b,q,t,y,u,g,h,n,q,v,a,x,l,x,q,y,b,s,y,s,g,y,s,i,x,a,t,v,a,r,a,r
l,f,q,w,u,p,m,x,e,z,n,p,r,o,f,q,k,e,l,m,u,s,d,i,s,l,k,g,n,m,h,t,e,s,e,w,k,q,a,e,q,t,g,p,t,v,n,q,g,r,c,a,b,k,t,u,l,l,z,d,z,b,e,o,s,i,r,e,e,a,u,b,w,o,a,n,z,x,u,k,e,y,n,m,f,h,w,m,s,p,v,s,y,r,m,i,o,b,j,z
w,y,e,u,n,q,o,k,j,f,v,u,w,j,b,j,w,h,r,k,a,u,d,a,p,s,d,g,c,m,q,s,n,v,a,t,r,i,q,a,a,d,l,e,s,q,j,v,z,n,l,i,f,z,g,p,q,q,s,w,h,u,t,x,v,q,m,k,e,j,b,d,w,s,d,b,z,k,k,z,t,j,t,c,p,n,s,k,d,e,e,z,t,y,l,p,i,h,d,b
x,g,g,t,u,m,b,j,e,d,e,n,q,y,v,m,n,w,f,v,h,x,b,r,g,p,z,m,n,t,b,e,i,c,r,o,q,j,l,g,w,u,b,n,i,d,a,q,x,j,b,m,s,j,k,s,p,n,t,q,v,k,p,a,l,w,e,w,m,o,f,e,y,i,t,h,f,d,x,m,w,g,e,u,l,e,s,m,m,j,l,j,a,b,m,f,f,l,y,h
h,c,t,p,x,e,w,n,l,p,c,x,g,l,q,u,q,b,b,z,m,j,u,i,y,m,b,q,o,o,c,b,b,y,l,z,o,b,o,u,f,f,q,r,z,d,k,y,v,s,s,f,f,a,v,j,x,o,c,q,g,e,u,s,g,z,t,q,k,m,e,a,o,i,b,q,s,t,f,p,r,g,i,u,b,a,h,l,h,o,p,p,k,f,h,v,r,p,h,j
o,q,d,t,y,t,e,e,r,p,a,b,y,w,n,r,d,w,w,l,f,u,u,v,a,i,c,m,k,y,z,a,c,d,m,m,f,z,w,b,q,t,x,i,e,b,k,a,t,j,s,d,y,x,f,j,h,e,k,u,b,j,c,r,g,w,z,t,q,w,f,z,q,m,p,i,x,e,o,l,v,f,x,t,m,z,w,i,f,g,t,y,n,m,f,e,y,q,s,z
z,c,o,y,s,w,k,z,e,v,t,i,e,e,v,h,p,n,s,m,c,z,b,x,h,o,z,d,p,k,e,z,i,x,p,p,d,o,n,d,m,b,p,x,h,v,q,x,v,r,q,o,t,y,p,a,d,c,q,s,q,b,c,t,y,r,b,w,q,m,p,q,r,y,h,e,f,c,m,p,t,a,j,u,u,a,g,r,t,m,o,d,t,a,r,q,n,f,r,r
u,c,c,q,l,z,c,r,e,e,t,t,k,n,l,q,t,f,p,v,t,o,a,m,e,y,i,i,l,z,d,w,w,r,l,h,d,k,f,q,s,m,z,a,i,l,y,o,d,m,y,j,z,p,j,x,l,a,n,w,n,u,g,j,v,m,k,i,z,k,w,w,b,j,r,q,j,h,v,y,j,i,g,x,v,v,f,d,p,k,c,s,u,y,j,o,g,p,m,t
n,a,r,f,x,i,q,x,n,l,d,w,v,c,u,q,f,h,j,w,u,h,y,n,o,t,i,z,p,q,c,q,m,n,y,a,p,u,j,r,n,a,n,i,t,b,m,k,x,q,s,b,o,p,w,w,r,m,w,q,q,e,k,p,y,k,n,o,b,a,k,m,h,y,s,s,j,a,s,z,r,i,a,v,e,k,a,w,r,i,u,s,r,r,f,i,d,t,m,a
v,x,p,m,r,m,s,x,d,s,d,o,n,x,i,r,b,h,j,q,n,r,e,b,h,i,s,a,i,j,b,n,z,f,v,d,k,q,p,n,s,i,s,l,a,v,j,o,b,v,j,a,j,r,p,u,r,u,j,o,q,x,o,r,g,d,z,f,i,b,c,m,v,j,e,j,j,s,v,a,c,k,z,t,h,p,b,w,i,a,t,o,v,o,h,v,q,y,h,v
o,w,q,g,s,x,d,k,s,n,n,y,d,p,a,n,y,b,x,v,f,b,q,d,f,j,z,c,z,h,i,p,v,f,x,b,n,b,r,n,l,z,u,u,s,g,m,z,a,a,m,h,r,s,j,t,c,b,p,o,m,n,r,x,g,w,c,r,r,k,o,q,d,e,u,r,h,c,g,f,q,x,k,d,h,k,r,e,g,b,e,g,e,b,g,r,f,w,o,w
o,n,s,b,c,v,f,j,o,l,h,u,a,l,d,k,m,l,w,e,w,e,a,u,v,a,i,p,a,t,l,l,c,j,z,y,c,w,q,z,m,s,m,r,u,v,y,c,j,q,n,t,p,z,x,o,p,q,w,d,t,g,v,i,e,j,t,f,z,v,k,w,j,a,d,i,j,o,r,e,i,s,f,h,d,c,e,s,t,k,u,h,u,k,h,g,y,w,a,r
y,s,u,i,h,o,o,a,p,p,w,m,x,g,u,k,q,c,g,h,l,i,l,m,t,i,w,n,m,c,i,t,k,u,l,y,i,f,s,x,r,y,l,q,z,d,y,t,a,s,w,r,r,c,c,g,w,v,v,u,j,u,s,p,d,l,z,u,y,z,y,u,b,o,z,s,k,a,p,w,o,j,k,d,l,j,l,q,o,w,n,x,y,h,r,y,j,e,u,r
i,t,w,t,t,o,t,i,u,w,z,q,t,w,q,l,y,i,d,m,y,i,y,n,b,u,q,m,k,d,f,n,j,r,n,n,a,b,z,u,e,f,m,i,t,s,c,u,t,l,u,d,s,g,m,a,c,k,b,n,p,n,h,l,e,n,o,f,m,q,h,i,u,i,k,r,w,e,b,c,g,o,f,h,u,i,u,z,v,k,c,t,v,p,i,s,n,k,j,c
f,c,j,p,l,v,h,u,u,v,s,p,v,a,z,z,z,h,z,u,m,j,y,k,i,a,l,z,s,x,z,d,i,m,k,h,z,y,x,n,y,l,g,e,c,t,g,b,v,i,z,a,q,a,k,l,m,n,h,b,y,x,l,i,d,u,u,r,q,o,y,x,q,z,c,w,w,m,h,w,y,y,j,f,c,a,r,a,j,l,i,i,v,l,l,o,o,b,t,w
t,s,q,f,m,p,k,p,i,q,o,y,j,c,s,f,i,f,x,a,m,j,p,n,r,f,c,b,c,r,c,q,w,c,l,x,x,v,k,a,p,a,m,o,q,j,w,o,y,q,i,q,f,l,e,v,p,x,k,q,p,p,a,r,l,c,a,o,a,m,u,p,w,d,c,c,p,e,o,a,n,q,e,w,w,w,w,s,v,s,g,v,q,h,p,c,n,z,m,c
f,p,o,q,e,y,e,m,p,x,x,c,r,i,p,y,q,q,c,z,y,m,p,t,j,s,v,c,l,n,m,d,c,c,v,n,i,a,n,s,c,r,h,b,c,v,x,u,l,v,y,y,u,m,z,f,e,n,v,d,m,j,u,v,e,a,w,m,b,c,w,y,x,j,z,l,x,a,i,w,o,k,p,j,r,p,d,d,q,c,p,k,t,b,u,k,z,d,l,n
u,g,r,m,s,m,y,d,a,m,a,c,n,y,m,x,i,h,n,i,d,w,v,n,b,l,h,r,v,g,y,m,l,x,l,c,d,j,u,f,j,x,j,w,c,v,t,w,r,u,i,s,a,x,p,i,d,k,i,s,m,h,v,h,g,x,h,b,b,z,f,n,t,w,o,j,y,r,o,l,n,b,z,a,x,m,a,j,w,h,b,y,j,l,b,t,i,e,j,h
i,t,w,b,p,o,y,n,l,t,v,a,k,u,b,c,i,n,v,k,v,u,h,u,d,j,e,a,n,x,n,c,i,k,m,h,h,q,u,w,s,t,g,a,o,i,y,n,a,h,u,z,e,v,l,o,m,t,m,v,j,x,y,q,s,v,a,v,b,t,a,o,b,i,v,r,s,m,o,o,l,d,z,l,r,b,r,q,m,i,g,b,n,c,d,v,u,w,e,u
v,i,i,l,s,z,a,d,k,i,d,a,v,v,i,w,y,w,m,o,b,w,v,o,n,z,z,d,k,c,j,y,r,u,j,p,m,d,b,m,u,g,t,i,d,t,c,p,o,v,r,a,u,o,j,w,k,q,r,i,p,o,y,s,q,q,m,c,n,j,m,e,x,i,k,a,n,w,x,j,c,f,k,n,v,a,j,e,a,b,t,o,e,x,z,x,b,l,a,j
v,o,p,g,n,q,p,d,b,q,d,i,r,b,y,p,o,d,i,v,f,r,t,o,b,o,x,t,w,v,p,a,j,t,m,s,u,n,x,b,k,s,b,g,g,i,k,j,y,y,i,j,g,y,q,y,w,i,s,k,x,j,r,k,q,g,f,x,h,l,p,u,f,b,c,f,w,f,i,t,q,m,z,l,z,m,z,m,i,c,y,j,f,w,y,e,x,m,z,t
m,l,n,h,a,u,u,x,c,d,y,c,u,e,k,v,m,l,i,k,z,c,q,z,o,z,k,w,k,x,l,p,k,l,r,h,z,g,z,r,r,a,n,e,o,n,e,t,s,e,a,s,b,p,i,c,m,z,n,k,x,t,m,p,b,j,i,p,u,a,y,k,k,j,g,k,x,k,u,p,j,h,y,g,q,h,i,r,y,p,j,r,q,d,u,z,h,u,t,e
t,x,v,w,z,p,k,a,p,l,n,f,x,h,k,q,b,y,g,u,a,w,g,k,l,e,p,y,h,l,p,e,d,w,e,e,q,h,n,t,k,x,n,p,d,o,t,z,h,p,d,r,u,a,k,v,b,c,i,o,n,s,c,d,l,x,p,q,o,y,q,n,o,n,k,g,v,z,n,v,z,f,o,s,x,c,w,z,q,h,w,g,p,z,j,w,l,z,r,i
h,p,o,p,k,a,t,i,w,t,v,f,c,o,y,r,q,v,l,q,a,g,p,w,e,n,p,b,v,w,y,m,l,f,r,d,j,f,v,g,g,v,g,h,x,y,n,y,n,a,g,e,f,d,w,j,t,m,o,w,o,c,l,n,j,y,g,l,i,p,e,h,t,w,e,u,p,s,b,f,q,m,t,f,w,l,k,l,f,n,n,p,w,k,z,f,z,l,p,f
e,d,n,r,e,q,y,a,n,g,p,c,r,m,k,t,p,v,d,c,v,x,o,i,n,d,z,f,k,q,b,z,i,l,j,y,n,m,p,s,m,h,m,a,q,p,c,k,o,o,g,g,a,j,r,p,q,n,x,h,m,t,o,d,h,m,k,q,j,g,l,s,i,a,k,j,s,w,y,k,m,b,i,n,z,a,h,m,m,g,y,c,v,j,f,l,e,i,h,f
s,v,y,j,j,g,e,x,s,q,n,z,c,j,f,u,f,r,u,m,u,j,n,g,k,v,p,y,k,v,r,w,w,n,e,f,g,y,l,q,s,t,x,a,a,r,o,e,v,v,w,v,o,s,l,z,t,u,m,g,j,a,e,x,a,f,m,v,p,b,j,g,c,g,l,x,u,v,o,h,f,m,h,j,i,s,r,x,s,l,n,j,p,y,e,e,c,a,q,z
e,q,z,j,b,u,w,w,f,s,v,m,h,v,m,g,u,y,z,w,g,g,v,f,h,l,i,w,s,x,s,n,k,l,u,x,f,e,e,x,b,z,p,p,z,r,g,y,y,r,f,t,c,z,t,s,w,n,b,n,r,v,n,n,j,n,e,n,g,n,v,m,g,h,p,q,a,z,y,f,q,g,x,y,f,k,r,s,v,x,a,z,u,e,m,d,w,c,i,z
h,k,e,f,l,b,i,r,n,i,k,t,k,q,q,g,y,y,r,t,i,j,i,w,u,x,j,i,p,u,h,e,g,i,s,e,u,k,x,i,m,t,k,y,w,a,h,t,o,w,g,z,z,i,x,j,f,h,i,t,o,u,z,o,b,b,l,y,b,f,d,a,v,h,d,u,o,e,d,o,a,z,l,n,y,a,h,c,z,r,w,m,o,n,c,q,n,u,h,d
h,h,e,n,c,t,a,q,h,h,q,x,p,a,i,t,r,t,d,n,y,c,c,c,v,z,h,c,t,k,m,z,m,z,w,w,q,q,f,i,y,y,m,p,w,h,u,s,u,a,q,n,u,b,p,n,a,y,h,t,t,o,a,z,m,p,s,w,h,w,z,e,y,k,g,s,h,u,g,v,p,a,u,s,p,z,u,h,h,x,j,l,l,f,w,b,u,m,h,t
p,q,b,q,l,c,f,r,i,c,u,a,o,j,u,a,f,v,x,g,s,m,p,r,t,e,j,z,l,d,j,h,d,r,j,q,y,j,i,g,x,h,r,z,p,f,j,j,m,u,c,y,y,e,r,p,l,u,l,v,f,z,h,y,a,q,c,g,v,s,f,u,z,q,i,p,z,t,j,n,y,y,y,l,j,z,t,y,w,i,m,s,g,p,m,u,k,i,d,i
u,h,e,p,b,k,x,b,b,x,x,t,f,w,a,g,t,r,r,u,j,p,e,i,w,o,y,y,x,f,i,x,a,z,p,y,q,g,r,h,k,g,m,i,j,d,n,r,a,y,b,d,w,h,e,s,s,v,e,h,n,v,i,j,d,k,i,w,z,n,t,u,o,l,o,o,w,k,z,d,t,g,f,r,n,p,w,m,i,u,u,z,s,b,x,k,n,f,f,m
n,s,r,i,n,x,k,a,x,i,s,z,b,e,p,s,t,s,g,p,e,e,t,f,g,h,e,i,g,e,e,j,t,g,j,j,k,b,t,m,f,k,q,l,u,f,h,f,q,x,d,s,z,u,y,h,p,u,w,l,n,b,f,j,m,t,s,h,l,b,f,w,w,z,z,x,o,d,n,p,k,l,e,h,l,l,r,j,r,j,t,z,j,o,k,z,d,s,h,m
w,u,g,w,k,b,b,n,r,l,n,q,y,l,d,g,b,c,p,t,k,t,i,w,e,s,m,x,k,e,r,q,c,m,n,s,k,b,e,f,g,z,z,z,k,o,k,k,u,i,r,n,y,n,h,q,c,j,m,z,x,k,t,k,g,m,v,a,q,j,o,m,w,f,g,o,w,s,m,x,b,e,v,y,z,e,h,b,t,d,v,d,t,p,v,a,q,e,u,g
m,p,h,m,v,o,x,t,p,y,d,c,w,r,l,g,r,k,h,a,c,t,n,n,w,c,d,t,n,x,h,b,y,w,y,h,n,h,i,a,g,h,b,v,m,y,x,a,f,m,y,f,z,r,k,z,w,o,s,w,a,o,h,b,f,x,o,a,c,s,w,r,h,y,u,t,w,v,u,x,u,m,o,u,o,q,f,p,k,t,l,v,q,g,j,w,e,g,u,t
d,c,w,e,o,i,t,w,u,v,e,x,f,d,f,r,m,n,b,v,c,s,i,m,r,y,d,k,p,j,a,w,s,v,i,c,j,k,v,m,a,p,b,a,g,b,p,i,u,o,b,j,b,j,k,p,m,g,f,n,u,z,o,p,v,b,r,l,s,t,k,f,n,k,o,e,n,z,i,p,a,r,r,i,l,o,g,i,x,v,h,d,t,i,v,h,t,n,x,s
c,k,k,i,z,z,p,z,x,q,w,o,a,h,j,w,w,g,g,a,m,c,n,i,h,d,w,e,t,m,n,q,s,a,r,z,m,t,t,s,i,o,o,k,n,s,j,l,r,c,k,j,e,m,l,h,p,u,c,w,p,d,u,f,y,d,a,b,f,n,p,s,u,w,n,j,h,d,r,f,a,l,d,a,l,e,w,r,c,f,n,g,j,f,o,d,e,u,r,t
n,n,r,r,s,e,u,x,m,z,h,m,t,c,t,j,l,j,p,a,r,u,p,c,j,q,w,b,p,q,u,l,k,o,a,y,k,d,d,o,k,v,r,s,n,x,q,p,l,a,x,f,j,n,u,g,x,w,f,m,v,m,a,p,c,b,l,r,z,d,y,u,c,q,z,v,b,q,w,q,n,u,w,a,h,r,u,c,r,a,z,u,o,t,w,x,l,p,j,e
b,v,k,z,b,j,l,o,y,r,e,s,j,a,c,z,e,h,l,m,r,i,j,s,x,s,w,t,d,z,g,p,o,u,g,f,v,j,q,t,p,v,y,a,q,o,m,m,d,s,m,j,b,p,j,o,u,w,j,m,x,y,w,m,p,t,z,w,u,d,t,k,x,q,r,q,g,l,p,i,c,w,u,k,z,e,a,a,v,z,n,z,i,j,m,x,a,j,z,g
i,l,b,h,n,s,k,j,g,y,y,t,h,c,c,r,v,s,p,q,d,o,t,q,a,m,l,l,a,o,e,s,g,u,s,s,a,h,y,a,g,g,v,w,v,t,y,t,w,y,k,c,d,e,e,g,z,e,k,i,l,z,s,c,y,u,k,j,r,c,r,f,k,k,u,q,e,i,d,w,j,q,w,m,n,e,w,b,t,d,j,c,p,q,a,s,s,l,a,m
y,d,v,j,l,j,n,z,g,q,v,g,w,h,x,u,p,d,s,x,v,c,a,p,l,l,i,k,r,j,n,j,p,p,e,n,d,g,e,u,k,p,h,l,l,b,i,s,n,w,d,y,o,n,d,g,x,b,m,a,s,i,e,x,g,y,e,w,r,m,n,s,u,s,y,x,b,h,k,n,d,c,r,o,l,d,q,i,l,n,a,a,x,d,p,g,m,l,r,j
l,z,k,e,e,b,k,u,c,p,q,d,k,s,l,f,f,f,j,u,v,p,v,o,o,x,u,f,w,z,w,y,b,w,n,r,x,p,w,x,s,a,y,c,b,f,i,i,f,j,p,j,a,b,n,j,g,h,d,b,f,p,g,c,k,v,e,r,a,o,o,o,a,h,w,q,i,h,m,v,m,m,f,l,r,w,w,d,x,n,u,i,c,y,s,r,k,w,t,z
b,x,b,m,m,y,c,x,b,d,e,j,l,q,w,r,y,v,w,o,f,o,h,i,y,f,k,d,b,q,u,f,e,z,y,s,s,c,s,j,h,o,m,r,r,o,a,r,z,k,c,q,y,n,e,g,y,l,p,y,c,i,v,n,l,q,d,e,h,z,m,m,u,p,v,f,m,c,u,b,l,k,v,h,z,l,n,v,x,q,l,u,l,k,b,l,f,n,p,w
d,q,p,z,u,l,o,h,i,j,g,r,k,u,h,v,z,f,a,j,o,p,h,t,a,j,z,j,u,o,p,y,f,b,c,w,e,f,t,k,q,i,p,d,a,d,n,u,a,r,c,n,h,b,y,v,o,v,n,n,q,q,b,s,b,x,e,e,u,y,n,r,k,o,g,n,m,e,s,a,g,k,c,t,a,x,k,i,f,d,f,n,y,l,i,h,d,b,f,f
i,e,o,q,q,k,j,b,w,h,g,j,h,s,d,t,o,k,o,o,e,h,j,d,k,w,r,n,m,y,w,q,l,i,l,a,l,q,d,c,w,w,k,i,c,q,n,f,v,v,a,c,n,s,u,a,z,c,u,e,u,n,l,p,k,b,v,f,b,h,q,u,b,e,w,p,m,q,u,t,b,n,l,u,q,f,m,e,h,c,h,a,p,a,q,d,t,o,o,h
b,f,f,c,s,b,h,i,s,l,z,j,r,q,c,o,a,a,h,u,u,n,p,t,k,c,n,g,o,q,l,o,h,r,f,d,y,u,s,d,h,y,x,p,n,d,h,u,z,y,q,p,p,c,r,b,y,d,r,x,f,w,h,i,v,x,q,t,k,i,l,c,k,a,z,c,k,q,j,k,x,z,i,z,c,g,y,q,s,o,g,u,a,n,p,f,y,w,h,s
v,c,x,v,u,i,r,g,w,i,z,t,f,w,l,g,m,n,j,k,t,x,w,u,m,q,v,d,a,h,t,v,u,n,l,y,k,o,d,i,d,n,l,e,e,h,o,v,b,i,a,r,w,h,s,d,c,e,v,r,d,q,o,r,k,s,d,s,f,j,p,t,w,n,m,v,c,r,j,v,x,k,h,i,a,b,b,j,i,b,w,p,m,q,j,u,m,o,r,r
j,x,j,h,z,i,k,z,t,f,v,s,l,g,h,n,a,k,l,q,m,y,b,k,b,d,z,r,s,j,w,r,s,s,v,i,o,t,i,y,z,u,r,f,r,j,t,l,d,d,n,k,d,e,q,h,o,m,c,k,s,a,u,e,v,x,r,h,i,q,f,q,s,j,n,y,v,a,t,h,j,y,e,e,n,o,w,y,u,p,o,v,s,y,d,i,e,f,v,j
y,t,n,r,p,f,u,r,k,m,k,t,m,g,s,f,a,n,g,l,a,l,u,g,d,c,t,f,v,v,v,k,b,w,h,f,v,t,d,y,o,n,v,z,i,q,b,j,t,q,k,u,y,v,p,l,c,l,b,x,b,o,o,n,t,s,q,u,g,b,j,l,x,c,m,q,e,h,y,x,a,u,f,j,g,e,c,i,p,a,f,k,e,u,f,s,u,n,w,w
o,q,k,q,m,k,m,b,b,e,p,f,r,r,q,l,g,z,l,h,w,m,i,k,q,h,b,d,q,p,x,q,k,z,k,w,u,o,i,y,v,y,a,l,f,w,p,g,m,e,v,x,l,a,x,o,g,j,q,a,v,m,l,s,s,r,u,d,j,m,m,w,s,s,f,z,t,g,a,k,y,q,j,k,b,t,l,k,z,d,o,l,y,x,g,y,a,t,z,s
f,m,u,l,i,v,f,x,h,u,g,t,o,b,p,h,e,z,k,o,f,z,c,y,d,w,w,g,j,u,r,i,c,o,l,f,d,w,q,f,d,v,o,d,n,f,k,f,i,n,i,w,c,p,f,o,m,y,b,s,f,z,l,b,w,i,y,a,y,j,z,q,l,c,z,a,c,t,g,u,u,e,c,w,m,j,d,j,h,n,p,w,k,s,y,z,r,j,e,s
a,f,d,i,b,a,c,e,u,y,u,i,r,v,x,j,b,s,x,i,d,o,k,s,x,e,k,c,t,j,a,b,l,t,z,i,y,u,p,j,b,f,d,u,d,b,y,c,e,u,k,g,y,q,q,d,d,x,y,s,s,h,q,o,z,i,b,d,v,p,e,z,e,p,p,p,u,f,t,n,s,g,t,x,k,c,b,g,h,h,j,m,y,a,y,v,n,b,h,z
q,d,e,b,p,q,i,t,y,y,h,r,z,a,k,b,x,h,h,r,e,n,v,y,p,f,f,z,t,j,z,a,v,p,i,v,i,k,j,z,b,c,l,g,h,j,x,m,v,a,v,d,p,c,w,k,w,n,i,j,r,v,p,t,d,u,y,r,a,i,n,v,p,a,t,w,t,k,d,m,j,s,g,c,x,k,z,y,u,t,x,f,m,j,n,v,a,b,v,t
z,w,f,h,a,r,n,n,r,w,x,m,y,j,t,q,z,x,b,e,d,i,f,f,l,w,q,e,i,z,i,b,x,v,g,n,o,w,k,d,x,g,m,z,r,s,o,l,c,w,h,u,t,e,n,o,q,t,r,z,i,h,v,r,a,e,i,d,v,a,p,o,g,t,q,t,y,g,p,f,s,f,o,q,x,c,l,l,u,j,l,k,m,a,v,f,f,u,j,f
z,i,v,a,o,q,s,p,r,e,v,p,x,x,k,s,j,k,p,c,u,n,k,z,w,c,r,k,v,k,u,z,t,r,y,k,a,p,n,d,r,j,v,v,p,g,t,m,n,d,a,i,x,s,k,s,l,o,n,a,k,c,m,m,u,b,a,k,k,x,r,l,u,m,v,w,l,u,e,w,r,j,a,x,p,v,y,v,m,s,t,c,k,x,w,e,m,b,b,v
c,b,k,d,s,e,w,h,g,o,q,p,s,e,f,f,z,d,f,o,n,w,g,k,n,z,e,i,p,d,r,m,z,u,b,n,u,p,n,o,m,d,z,v,v,s,r,s,r,r,a,b,q,r,l,x,c,i,o,d,q,a,g,h,j,r,d,w,w,s,c,n,d,t,y,y,u,o,j,a,z,l,q,w,f,w,n,q,a,t,q,b,r,y,e,a,q,x,a,a
d,v,q,q,f,q,a,a,z,q,s,n,s,o,v,c,o,x,x,t,n,z,m,w,a,i,b,y,p,d,p,m,b,l,s,r,n,f,h,j,q,o,i,d,k,d,p,d,e,o,l,p,p,h,c,q,o,x,r,y,o,a,x,f,g,o,k,j,r,w,i,s,y,e,r,m,r,t,t,t,g,u,z,i,k,g,z,d,f,f,u,k,d,z,x,n,j,b,b,s
x,i,m,o,l,r,v,d,x,z,y,y,w,n,c,e,u,o,m,s,h,j,a,l,t,c,x,y,q,l,i,c,s,e,j,z,d,c,d,g,f,c,i,k,s,s,h,y,a,t,s,h,x,r,f,h,i,o,x,u,v,s,p,s,n,f,c,s,a,u,j,s,o,v,q,t,z,c,k,s,n,d,j,g,r,k,k,k,t,g,q,n,z,l,g,q,s,c,f,t
k,m,h,i,g,y,z,x,p,k,s,i,t,p,a,l,k,i,k,o,u,t,t,k,l,s,k,j,f,v,p,m,c,a,a,m,b,m,t,v,i,d,k,k,i,n,p,e,a,k,x,x,x,k,r,v,w,o,s,e,n,t,b,d,n,m,g,q,m,r,m,r,f,e,k,s,n,z,l,x,v,n,m,l,z,x,a,x,q,x,h,d,o,g,n,s,s,p,g,v
f,v,h,y,o,s,z,f,w,d,v,e,o,u,m,o,k,r,h,k,f,m,f,l,y,x,g,b,z,n,j,b,w,b,r,m,p,d,s,f,l,b,b,l,t,e,l,h,v,e,c,t,j,y,h,o,t,w,s,l,w,z,v,h,i,o,b,k,d,s,n,p,h,k,w,e,x,x,m,w,o,z,a,w,i,x,g,p,c,a,q,y,e,a,b,v,l,g,s,c
h,f,s,j,k,k,u,k,o,a,t,o,d,i,q,d,z,s,g,w,q,k,d,d,j,l,y,y,f,p,i,j,b,u,g,i,x,s,i,f,i,n,v,a,p,u,e,v,e,j,s,l,j,z,y,b,j,b,h,m,b,u,x,t,b,g,k,q,u,b,b,p,w,y,d,s,c,m,z,w,h,t,m,y,t,e,v,e,v,u,y,r,n,j,g,j,n,e,x,d
z,n,t,w,c,q,p,e,o,b,p,b,a,i,j,j,i,v,y,m,p,d,l,z,n,x,g,b,f,w,i,p,x,i,b,y,m,q,s,f,o,s,t,t,w,r,n,y,j,j,d,j,t,e,j,p,s,t,b,o,m,o,r,d,k,y,c,d,c,j,b,o,g,x,i,q,v,j,v,p,a,t,k,d,a,o,x,n,p,g,s,g,j,l,i,j,m,p,e,p
p,a,m,j,c,f,s,x,f,t,k,v,z,w,b,d,j,l,q,e,u,v,i,f,k,n,q,a,k,a,e,h,g,t,f,r,j,o,e,z,k,e,m,e,x,d,v,v,k,o,s,r,v,p,n,b,v,r,q,l,k,n,j,x,z,u,x,u,l,i,l,h,m,d,y,k,l,n,z,w,x,w,v,g,v,d,g,c,z,s,i,o,q,v,p,r,e,f,b,k
t,m,d,c,y,b,r,h,l,n,g,k,q,n,f,g,i,r,c,z,q,z,v,z,l,c,y,h,o,f,a,l,x,x,j,o,x,o,o,x,z,g,y,a,g,v,c,q,g,u,z,n,a,j,e,o,w,w,x,f,v,a,r,f,d,q,k,e,e,t,l,i,d,h,v,s,t,n,u,z,p,e,y,a,s,h,l,n,n,q,f,b,d,i,i,w,o,i,s,i
b,l,q,e,f,g,g,t,p,r,h,c,u,y,w,p,e,m,b,j,w,l,t,x,j,t,x,i,a,d,q,w,e,v,k,d,r,s,q,r,h,a,d,x,l,o,l,u,m,u,t,v,i,p,g,r,p,r,t,c,a,t,g,a,s,u,q,e,v,c,a,z,f,l,s,f,u,m,p,p,p,i,z,t,b,c,g,r,n,p,n,g,s,g,z,y,v,r,y,v
h,l,m,h,q,l,h,c,x,o,l,g,u,s,o,e,f,d,f,m,a,j,n,p,c,p,g,e,v,d,r,z,x,g,u,a,o,b,h,i,i,v,o,z,p,o,w,m,m,e,s,y,j,m,c,g,t,a,d,c,t,x,k,f,b,a,u,y,j,w,h,z,q,f,b,y,u,n,e,z,f,c,o,x,b,x,p,d,r,j,l,w,n,l,l,h,l,s,c,l
g,z,j,b,m,d,e,s,j,s,d,z,y,m,z,f,s,h,s,a,w,w,o,m,w,g,v,j,l,o,q,h,n,l,v,o,z,q,u,h,i,x,j,c,x,r,e,y,s,j,e,w,n,c,t,b,a,w,n,w,w,p,e,m,l,m,u,c,z,w,c,e,w,e,z,y,l,s,s,w,z,w,q,o,o,t,r,l,x,z,v,d,f,n,e,i,q,f,p,p
e,d,a,k,m,w,d,s,z,i,t,j,z,h,e,u,p,g,o,c,m,u,e,q,n,v,c,l,m,z,q,s,n,p,l,b,g,v,c,o,d,a,z,m,v,v,x,r,d,j,x,u,z,u,n,y,w,j,v,u,c,r,a,v,g,w,p,b,e,c,r,h,l,i,x,n,x,u,e,l,h,p,f,x,o,r,g,t,c,y,e,f,u,k,c,f,x,b,n,l
d,a,k,u,a,d,x,u,v,j,l,o,d,v,y,v,e,q,t,z,c,p,s,q,m,v,b,j,d,v,h,s,l,s,o,j,a,j,b,v,v,a,c,e,h,y,t,o,g,d,d,e,z,g,n,l,z,n,f,q,k,b,k,y,c,h,q,m,z,m,v,q,q,l,q,j,h,j,r,t,j,f,b,g,w,y,y,o,d,g,c,d,n,f,h,e,f,i,g,u
p,l,s,h,b,t,u,n,z,j,s,q,z,c,a,r,x,l,b,z,g,z,v,y,w,e,k,a,k,i,r,y,h,l,u,k,k,d,l,i,j,t,b,n,e,v,j,a,k,h,w,w,h,w,n,a,j,p,q,w,x,b,u,q,g,y,q,j,p,f,p,n,h,j,o,w,s,d,w,p,f,x,x,v,d,d,r,a,x,d,s,g,n,k,f,t,u,e,h,i
e,d,w,y,e,i,o,h,n,o,r,p,k,h,l,r,i,h,b,y,a,n,x,w,b,n,x,f,p,c,k,s,w,k,s,y,z,h,g,e,m,u,x,j,h,b,i,w,w,h,g,r,s,n,x,u,d,m,m,w,n,s,h,v,l,q,f,c,l,n,o,b,t,g,z,x,e,p,g,v,v,v,i,l,s,y,s,a,t,e,h,o,j,b,i,s,l,q,r,o
a,j,v,y,k,k,t,p,w,g,c,t,b,f,g,k,f,a,l,g,t,u,x,t,o,o,z,c,n,n,g,g,y,w,f,h,l,j,k,z,w,e,f,f,c,q,d,c,d,j,b,b,h,i,s,x,m,a,c,e,l,o,c,p,m,x,n,l,t,c,r,b,o,o,d,q,u,e,p,a,o,g,q,t,i,a,r,c,z,a,p,n,g,y,d,i,l,f,g,s
o,m,m,s,g,y,z,q,u,c,l,m,y,c,x,e,h,b,u,s,j,t,c,b,j,k,h,p,a,l,u,s,q,o,p,m,v,h,x,g,t,o,p,h,d,o,h,o,a,l,e,c,p,g,r,r,b,p,a,l,b,n,c,t,h,z,z,c,n,y,u,x,w,s,i,e,u,p,m,j,b,j,c,o,x,f,u,t,c,z,i,o,q,k,f,j,p,g,m,e
a,g,b,r,j,k,v,j,q,h,r,l,d,i,y,k,t,r,w,w,i,p,c,o,x,v,l,l,t,u,o,b,j,s,y,z,x,e,k,q,x,w,f,w,a,r,n,e,e,c,i,a,d,c,h,t,a,x,f,k,e,x,f,f,w,t,q,j,y,b,i,d,d,r,g,b,o,p,u,e,g,k,r,s,d,x,l,b,i,d,m,o,j,a,y,y,b,q,a,p
i,q,e,w,s,c,x,a,a,x,n,e,u,s,x,p,q,d,h,s,y,b,s,e,y,y,j,j,r,p,z,d,q,d,g,z,b,c,j,u,w,y,n,k,c,l,q,z,s,r,a,g,x,w,v,u,x,o,b,a,o,p,r,a,q,v,f,a,b,o,i,r,e,y,v,h,e,n,h,d,m,a,a,e,g,g,k,a,j,b,z,w,f,b,k,q,k,s,a,m
s,x,s,i,x,y,n,h,d,q,j,l,h,f,w,g,h,y,k,y,w,u,s,g,c,i,t,q,y,g,r,d,k,k,q,p,a,q,m,u,n,z,i,k,l,d,g,x,m,i,i,m,s,k,e,y,n,x,r,s,b,u,u,j,h,j,r,l,r,y,t,m,z,a,l,g,c,i,f,q,r,n,n,a,y,i,t,v,j,z,q,l,a,x,u,g,y,r,y,y
i,v,e,b,h,q,v,c,l,t,k,r,n,s,d,a,c,a,j,u,y,v,l,b,f,l,q,e,b,c,r,j,j,c,n,d,f,k,s,f,m,r,d,e,b,m,g,n,z,p,i,g,x,j,f,m,a,r,b,t,k,l,k,s,a,n,r,i,s,r,h,p,p,n,f,a,d,m,l,f,l,h,i,g,m,y,a,x,j,f,k,h,e,m,b,g,o,m,t,g
u,m,v,c,p,a,p,m,z,a,b,b,k,m,a,g,v,y,d,r,l,f,t,k,r,k,k,v,c,s,h,b,f,w,u,j,u,k,j,w,y,v,a,u,f,r,d,h,p,f,x,u,u,y,u,r,g,e,n,r,c,r,e,a,e,s,x,u,e,k,p,r,u,r,b,e,s,j,i,z,g,m,g,n,k,i,q,g,u,c,o,q,w,c,f,n,i,e,p,q
u,a,s,d,b,c,l,h,b,y,p,a,y,k,y,a,y,n,a,r,e,d,d,u,z,i,j,b,u,v,g,h,q,f,t,a,j,x,g,w,x,p,t,y,g,n,g,x,z,d,i,s,s,j,m,i,r,u,s,l,f,q,s,y,f,j,x,m,j,d,d,m,z,k,k,j,y,v,h,o,d,t,t,n,m,z,z,f,s,z,y,i,a,q,k,x,b,v,n,h
q,s,v,x,o,u,t,v,k,b,s,f,s,b,a,u,c,v,c,p,d,k,g,j,u,w,l,g,m,u,t,d,a,i,i,y,c,p,t,m,f,r,y,o,d,m,f,h,k,c,z,j,g,i,p,i,y,d,q,i,f,r,j,s,f,c,k,z,z,y,g,e,r,s,h,t,s,w,x,z,o,t,l,z,z,l,e,u,j,y,e,b,e,n,g,l,h,w,u,c
j,m,z,r,n,u,f,s,r,g,c,o,y,l,z,x,t,q,h,r,r,m,d,a,e,m,d,m,t,l,f,x,c,c,s,k,z,v,d,x,t,r,l,f,d,p,b,v,b,t,p,w,y,c,t,f,j,h,w,e,p,b,u,u,l,x,g,b,x,k,e,p,u,y,z,i,u,y,g,x,f,o,z,h,y,c,v,v,l,g,a,m,l,c,y,z,w,f,s,s
i,y,i,a,s,e,y,s,j,k,j,j,n,w,l,t,g,v,y,i,r,y,a,m,e,v,b,n,d,f,g,p,k,d,e,u,m,r,n,x,a,s,y,a,v,y,z,k,o,k,o,o,z,t,k,u,p,t,r,c,g,i,j,c,q,l,j,d,y,g,x,c,i,o,w,q,p,c,g,b,o,i,i,h,f,z,l,v,m,o,n,t,s,n,w,c,a,b,v,f
o,z,g,r,b,y,z,y,e,w,x,s,d,u,r,p,b,s,y,a,d,u,m,f,n,r,x,u,g,x,z,f,r,n,n,l,h,n,y,d,p,l,z,c,w,r,p,p,e,v,v,f,d,a,g,q,z,n,b,u,n,w,i,u,y,s,x,u,x,s,w,t,u,f,c,p,n,s,h,x,x,e,r,j,s,w,m,u,w,a,c,f,b,r,y,g,h,x,q,d
p,i,l,g,f,r,s,w,e,f,r,w,s,p,j,e,o,z,x,b,m,j,r,f,o,r,e,m,e,l,z,k,b,g,o,v,h,i,n,v,k,x,s,c,t,n,d,i,n,k,b,d,k,p,x,w,u,z,a,y,j,b,e,z,m,s,e,d,u,d,v,c,f,p,z,g,k,o,h,t,s,g,d,l,b,k,c,g,o,l,f,o,v,o,e,s,m,z,d,c
o,b,u,n,z,m,c,u,y,v,c,j,e,a,s,u,g,f,t,l,f,g,k,a,g,w,y,p,a,c,g,x,o,v,m,s,n,d,s,a,q,b,n,c,r,f,g,q,h,l,v,t,v,y,z,w,c,k,s,c,y,u,p,s,o,u,x,k,n,d,u,t,q,v,n,c,z,u,b,c,m,j,w,m,m,g,t,k,e,h,e,v,c,e,t,j,y,w,f,k
x,f,y,b,a,q,i,y,s,t,i,u,q,m,e,r,l,e,i,l,o,s,h,n,d,b,l,y,b,u,v,o,w,s,w,b,w,o,a,i,f,b,i,m,p,v,b,c,c,l,x,f,v,w,t,q,l,s,f,x,m,e,o,n,g,d,y,x,r,c,p,u,x,n,q,c,b,r,b,l,d,g,v,t,r,s,u,q,w,a,g,o,t,i,n,j,a,g,k,o
l,l,z,q,t,o,f,q,z,v,w,u,t,s,h,i,e,x,e,n,h,s,a,r,q,p,m,c,q,q,s,k,w,g,g,q,g,b,x,r,h,a,u,j,g,u,p,w,l,w,o,r,b,m,m,e,v,a,h,a,w,o,e,t,b,t,c,c,x,x,u,t,u,e,l,o,a,c,r,f,e,q,q,c,j,b,b,u,q,b,d,j,z,h,w,f,h,e,v,a
n,b,b,r,i,s,n,f,u,h,p,p,q,d,d,k,h,y,u,h,o,e,l,m,r,y,m,a,w,t,f,i,p,e,d,k,d,j,k,j,n,m,v,u,t,u,c,o,n,i,b,a,m,i,m,d,s,x,m,d,g,k,h,q,w,k,w,g,o,s,i,z,f,s,n,h,h,g,g,s,l,e,g,u,c,b,i,x,p,g,m,p,o,q,e,d,u,s,j,d
d,w,t,d,g,w,o,m,h,u,h,d,n,j,f,e,m,s,p,p,s,q,k,k,e,t,n,j,n,s,x,h,i,f,i,u,m,d,b,c,l,v,j,i,a,a,o,v,l,i,n,z,j,f,n,f,a,y,m,c,b,y,w,g,e,y,m,e,f,e,p,n,r,a,o,b,y,n,n,r,r,i,o,n,t,a,k,o,i,z,m,e,j,p,p,x,b,v,g,x
s,g,y,c,u,g,o,m,j,h,d,r,u,n,i,f,u,q,s,b,n,q,x,z,i,c,d,y,d,x,a,v,e,c,k,b,y,r,p,p,n,x,h,g,h,u,d,v,t,o,j,w,s,y,p,p,m,t,e,o,z,c,o,n,n,e,u,l,d,o,t,w,p,e,q,k,c,a,t,p,l,n,j,f,p,m,a,l,n,r,u,d,i,l,h,r,z,x,t,a
i,t,u,y,k,c,u,e,l,x,o,x,d,s,r,n,s,m,z,b,f,q,s,c,y,z,q,m,s,w,c,t,s,k,o,l,b,t,w,s,d,s,d,i,z,b,i,o,h,m,g,m,z,f,t,b,r,x,j,i,l,g,t,c,v,c,w,i,b,l,q,k,z,p,t,k,b,t,o,b,j,p,j,r,w,i,o,s,m,i,z,a,n,c,i,q,b,u,x,f
v,g,b,j,h,q,j,j,p,e,o,v,k,d,v,u,o,o,q,a,n,g,x,c,g,j,n,h,c,m,m,h,k,b,o,v,r,i,h,j,c,b,v,s,y,p,l,l,n,i,j,n,m,m,h,a,m,e,k,r,m,u,l,u,p,c,j,x,j,q,d,w,f,m,o,e,y,k,l,c,h,z,p,c,b,n,q,q,r,z,d,i,b,p,i,n,b,g,b,l
d,u,q,a,b,g,z,b,w,v,k,h,o,i,t,s,v,g,t,q,m,h,o,c,j,r,k,o,m,e,c,w,a,s,b,f,u,g,y,j,t,b,l,b,r,x,a,b,i,x,u,f,j,y,j,d,b,p,m,s,a,x,v,w,r,h,d,e,r,c,k,p,i,v,e,v,n,x,m,a,q,q,i,f,k,h,e,f,k,n,n,j,m,w,b,d,s,n,u,f
m,b,g,y,w,u,d,j,a,h,s,i,e,z,w,u,w,i,s,v,j,p,z,y,y,w,u,j,h,x,e,r,p,v,b,g,n,k,h,i,g,a,d,k,v,u,g,t,c,k,y,p,k,q,o,j,c,c,f,e,l,i,z,f,p,v,b,a,t,s,v,s,g,e,r,f,p,m,s,g,o,a,x,z,g,p,m,i,l,m,z,f,q,b,v,r,w,n,h,o